Book Id,Title,Author,Additional Authors,ISBN,ISBN13,My Rating,Publisher,Date Read,Date Added,My Review
216848047,AI Engineering: Building Applications with Foundation Models,Chip Huyen,,1098166302,9781098166304,5,O'Reilly Media,2026/02/01,2026/02/01,"Review: The Definitive Blueprint for the AI Engineering Era<br/><br/>AI Engineering: Building Applications with Foundation Models by Chip Huyen is an excellent, comprehensive guide that manages to strike the perfect balance between breadth and depth. Having spent my time recently building AI-powered search and leveraging state-of-the-art embeddings and frontier Gemini models for AI safety, this book struck a deep chord with me.<br/><br/>From Execution to Articulation<br/>There is a significant difference between ""doing the work"" and having a powerful articulation of the entire AI engineering landscape. While I work in this space daily, Huyen’s framework provided me with a much-needed deepened understanding of how all the pieces—from data to safety—interconnect. It transitions the reader from just ""building"" to architecting with intent.<br/><br/>The ""Overlooked"" Essentials: Evaluation & Metrics<br/>One of the most valuable sections of the book is its deep dive into evaluation, an area that is frequently overlooked in the rush to deploy. The chapters on dataset preparation and the use of AI judges are particularly insightful. More importantly, the book offers a clear roadmap for translating technical AI metrics into meaningful business outcomes—a skill that is critical for any engineering leader.<br/><br/>Peeking Under the Hood<br/>What sets this book apart is that it doesn't just treat models as ""black boxes."" By providing an in-depth look at what actually happens when models are fine-tuned, it gives you the ""peek one level below"" that is essential for building superior applications ""one level above."" This technical grounding is what allows an engineer to move from a working prototype to a highly optimized production system.<br/><br/>Final Verdict<br/>Whether you are already building on top of foundation models or are just beginning to explore the world of AI engineering, this book is an indispensable resource. It is rare to find a text that is as useful for a seasoned practitioner as it is for a newcomer.<br/><br/>I know I will be returning to these pages again and again throughout the year as a primary reference. Highly recommended."
18685594,"Gravitas: Communicate with Confidence, Influence and Authority",Caroline Goyder,,147350144X,9781473501447,5,Ebury Digital,2026/04/04,2026/04/04,"<b>Demystifying the Art of Presence: A Review of Caroline Goyder's ""Gravitas""</b><br/><br/>After reading [a: Sylvia Ann Hewlett|10718|Sylvia Ann Hewlett|https://s.gr-assets.com/assets/nophoto/user/u_50x66-632230dc9882b4352d753eedf9396530.png]'s <i>[b: Executive Presence|18498555|Executive Presence  The Missing Link Between Merit and Success|Sylvia Ann Hewlett|https://i.gr-assets.com/images/S/compressed.photo.goodreads.com/books/1397422439l/18498555._SY75_.jpg|26186620]</i>, I was left with a strong desire to pull the thread further and understand the mechanics of how we project authority. That curiosity led me to [a: Caroline Goyder|3140990|Caroline Goyder|https://s.gr-assets.com/assets/nophoto/user/u_50x66-632230dc9882b4352d753eedf9396530.png]'s <i>[b: Gravitas: Communicate with Confidence, Influence and Authority|18685594|Gravitas  Communicate with Confidence, Influence and Authority|Caroline Goyder|https://i.gr-assets.com/images/S/compressed.photo.goodreads.com/books/1408935677l/18685594._SX50_.jpg|26527196]</i>. If Hewlett defines the ""what"" of gravitas, Goyder provides a highly practical framework for the ""how.""<br/><br/>What resonated most deeply with me in Goyder’s work is her elegant summation of the concept. She distills it down to a simple, actionable equation:<br/><b>Gravitas = Knowledge + Purpose + Passion – Anxiety</b><br/>This formula profoundly shifted my perspective, particularly the absolute necessity of the ""Knowledge"" cornerstone. Without deep, grounded knowledge, attempting to demonstrate gravitas easily tips into hollow posturing.<br/><br/>As an Engineering Manager, this triggered a lot of personal reflection. In tech leadership, there is a constant, delicate balancing act regarding knowledge. How deep do you dive into the weeds to genuinely wield the power of that knowledge, versus how much do you step back and leverage your Tech Leads? It immediately brought to mind [a: Will Larson|6872433|Will Larson|https://images.gr-assets.com/authors/1564261627p2/6872433.jpg]’s <i>[b: Staff Engineer|56481725|Staff Engineer  Leadership Beyond the Management Track|Will Larson|https://i.gr-assets.com/images/S/compressed.photo.goodreads.com/books/1609348975l/56481725._SY75_.jpg|88125716]</i>, specifically his discussion of the ""Hand of the King"" archetype and the absolute necessity of getting a grounded, undeniable understanding of your specific domain. You cannot fake the ""Knowledge"" variable in Goyder's equation when leading engineers.<br/><br/>While Goyder's formula identifies ""Anxiety"" as the great subtractor of gravitas, I felt the book only scratched the surface of where that anxiety truly stems from in a corporate environment. To fill that gap, I found myself connecting Goyder's framework to [a: Jeffrey Pfeffer|80885|Jeffrey Pfeffer|https://images.gr-assets.com/authors/1416182082p2/80885.jpg]’s book <i>[b: Power|12609433|The Power of Habit  Why We Do What We Do in Life and Business|Charles Duhigg|https://i.gr-assets.com/images/S/compressed.photo.goodreads.com/books/1545854312l/12609433._SY75_.jpg|17624817]</i>. In my experience, the anxiety that strips away gravitas isn't just stage fright; it is heavily tied to our ability—or inability—to tolerate conflict. True gravitas requires the stomach to stand firm in the face of disagreement.<br/><br/>Goyder’s background is in voice coaching, and there are significant portions of the book dedicated to the mechanics of breathing, tone, and vocal delivery. While these practical exercises are certainly useful, for me, the true value of the book lies in her broader articulation of what gravitas actually is.<br/><br/>Ultimately, this book reinforces a comforting truth: while gravitas may come effortlessly to a lucky few, for the rest of us, it is a learned behavior. And yes, it is a <i>hard</i> learning process. But the biggest takeaway is that the tools are available. When combined with the insights of Hewlett, Larson, and Pfeffer, Goyder’s <i>[b: Gravitas|18685594|Gravitas  Communicate with Confidence, Influence and Authority|Caroline Goyder|https://i.gr-assets.com/images/S/compressed.photo.goodreads.com/books/1408935677l/18685594._SX50_.jpg|26527196]</i> provides an excellent, structured framework for anyone willing to put in the work to acquire these essential leadership skills."
18498555,Executive Presence: The Missing Link Between Merit and Success,Sylvia Ann Hewlett,,0062246895,9780062246899,5,Harper Business,2026/03/29,2026/03/29,"<p><b>Rating:</b> Highly Recommended</p><p><b>An Eye-Opening and Actionable Framework</b><br>[b: Executive Presence: The Missing Link Between Merit and Success|18498555|Executive Presence  The Missing Link Between Merit and Success|Sylvia Ann Hewlett|https://i.gr-assets.com/images/S/compressed.photo.goodreads.com/books/1397422439l/18498555._SY75_.jpg|26186620] by [a: Sylvia Ann Hewlett|10718|Sylvia Ann Hewlett|https://s.gr-assets.com/assets/nophoto/user/u_50x66-632230dc9882b4352d753eedf9396530.png] is a genuinely eye-opening read that provides a practical framework anyone can utilize to advance their career. While executive presence (EP) seems to come effortlessly to some, this book reinforces the encouraging reality that it is entirely learnable for the rest of us. It demystifies the often-vague concept of ""leadership material"" into tangible, actionable behaviors.</p><p><b>The Core Challenge: Mastering Gravitas</b><br>For me, the most impactful takeaway was the deep dive into <b>Gravitas</b>—specifically, the necessity of being assertive and having the ability to ""show teeth"" when a situation demands it. When directing a team, my default approach has always heavily favored a collaborative, consensus-building style. While collaboration is essential for solving complex problems, this book highlighted exactly why I have historically struggled on the gravitas front. I realized that a purely collaborative style can sometimes inadvertently soften the decisive authority required.</p><p><b>A Shift in Perspective</b><br>Hewlett's insights have fundamentally reshaped my understanding of management fundamentals. Once you internalize the components of EP, you cannot unsee them. You start looking around your organization and noticing exactly why certain people succeed and command respect—they actively project presence. It completely changes how you view professional dynamics, meetings, and success in the workplace.</p><p><b>What's Next</b><br>This book is highly recommended for anyone looking to understand the unwritten rules of professional advancement. To continue building on these fundamentals and directly address my own growth areas, my next read will be [b: Gravitas|18685594|Gravitas  Communicate with Confidence, Influence and Authority|Caroline Goyder|https://i.gr-assets.com/images/S/compressed.photo.goodreads.com/books/1408935677l/18685594._SX50_.jpg|26527196] to dive even deeper into cultivating that specific, assertive command.</p>"
31579916,Fierce Conversations: Achieving Success at Work and in Life One Conversation at a Time,Susan Scott,,,,3,New American Library,2026/03/29,2026/02/02,"Overall, [b: Fierce Conversations: Achieving Success at Work and in Life One Conversation at a Time|31579916|Fierce Conversations  Achieving Success at Work and in Life One Conversation at a Time|Susan Scott|https://i.gr-assets.com/images/S/compressed.photo.goodreads.com/books/1482092778l/31579916._SX50_.jpg|16957] by [a: Susan Scott|9375|Susan Scott|https://s.gr-assets.com/assets/nophoto/user/u_50x66-632230dc9882b4352d753eedf9396530.png] is a rewarding read with a potent central message, even if the delivery occasionally gets bogged down in its own details. The book offers a wealth of actionable takeaways, and its core philosophy—that our lives succeed or fail one conversation at a time—deeply resonated with me.<br/><br/><b>What Worked Well</b><br/><b>The Power of Plain Speaking:</b> The book's emphasis on addressing the issue at hand directly and plainly is fantastic. It highlighted a communication style that I actively want to develop and hone further in both my personal and professional life.<br/><b>""Mineral Rights"" Conversations:</b> This was a standout concept. The metaphor of drilling down and digging deep past surface-level symptoms to reach the absolute core of a problem is incredibly practical and thought-provoking.<br/><b>Shattering the ""Truce"":</b> Scott makes a compelling case for how liberating it is to finally get past the polite, unspoken ""truces"" we make to avoid conflict. Confronting reality and having the difficult, necessary conversations feels less like a burden and more like a path to freedom.<br/><br/><b>The Critique</b><br/><b>Repetition and Verbosity:</b> While the core message is vital, the execution can be quite repetitive. The author often belabors the point, making the text feel unnecessarily wordy in places.<br/><b>Information Overload:</b> The book includes an abundance of examples, anecdotes, and side points. While likely intended to clarify, the sheer volume can make it difficult to coherently keep track of the main frameworks. A tighter, more concise edit would have made the primary concepts punchier and easier to reference.<br/><br/><b>The Verdict</b><br/><i>Fierce Conversations</i> is an insightful and empowering guide for anyone looking to communicate with more courage and clarity. Despite its tendency to be overly verbose, the core philosophy is liberating and genuinely useful. It is a solid read that provides excellent tools for dropping the mask and getting to the heart of any issue."
49040,Death by Meeting: A Leadership Fable… about Solving the Most Painful Problem in Business,Patrick Lencioni,,0787968056,9780787968052,5,Jossey-Bass,2026/01/01,2026/02/02,"<p><b>Another essential Lencioni fable</b></p><br/><p>Another excellent business fable by [a: Patrick Lencioni|11503|Patrick Lencioni|https://images.gr-assets.com/authors/1330247460p2/11503.jpg]. It had a lot of nuggets that were really useful to put into use immediately. An important learning from [b: Death by Meeting: A Leadership Fable...About Solving the Most Painful Problem in Business|18883595|Death by Meeting  A Leadership Fable...About Solving the Most Painful Problem in Business|Patrick Lencioni|https://i.gr-assets.com/images/S/compressed.photo.goodreads.com/books/1393634357l/18883595._SY75_.jpg|47976] was the concept of <b>""Mining for Conflict.""</b></p><br/><p>Lencioni encourages the leader to seek out opposing opinions so that you can have a healthy discussion. The job of the leader is to listen to everything and then make a decision. I have already found that seeding strategic discussions early and encouraging this healthy debate is providing a lot of value. For this to work, the topics have to be ""big.""</p><br/><p><b>Key Takeaways:</b><br/><ul><br/><li><b>Don’t Mix Tactical and Strategic:</b> Keep these meetings separate. Mixing immediate ""firefighting"" with long-term planning dilutes the effectiveness of both.</li><br/><li><b>The Tactical Format:</b> The author suggests a round-table style where topics are put on the table in real-time. A variation I’m exploring is reading notes first and then having a tactical discussion.</li><br/></ul><br/></p><br/><blockquote>Good meetings are energizing, they get things done, and they get the team aligned.</blockquote><br/><p>I am still experimenting to find the perfect cadence for a project weekly meeting, but this book provides an excellent set of best practices to pull from. An excellent read for any leader looking to improve team productivity.</p>"
158474516,The Bhagavad Gita Reprint edition,Jack Hawley,,,,5,,2026/02/15,2026/02/15,"<b>Review: A Gentle, Narrative Bridge to Ancient Wisdom</b><br/><p><b>Summary</b><br/>After exploring other versions of the Gita, I turned to Jack Hawley’s ""walkthrough"" seeking a version that was simple, accessible, and easy to digest. This book delivers exactly that. Rather than a dense, academic translation, Hawley presents the Gita as a flowing narrative, weaving the profound wisdom of the dialogue between Krishna and Arjuna into a story that feels both timeless and immediate.</p><br/><p><b>Key Highlights</b><br/><b>• Accessibility:</b> This is an excellent ""gentle introduction."" It strips away the complexity often found in literal translations, making the ""mysterious"" parts of the Gita feel practical.<br/><b>• Structured Wisdom:</b> The book is exceptionally well-organized. It allows you to dive ""one level deeper"" into core concepts like the <b>Atma</b> (The Soul), <b>Karma Yoga</b> (The path of selfless action), and the <b>Three Gunas</b> (Sattva, Rajas, and Tamas).<br/><b>• Universal Appeal:</b> Despite the title, this isn't just for ""Westerners."" It is a valuable resource for anyone—regardless of background—who wants a clear entry point into Vedic philosophy.</p><br/><p><b>Personal Takeaway</b><br/>Reading this in quick succession with my previous study helped me internalize the Gita's lessons more deeply. For me, this book represents a vital ""stepping stone."" It provided the clarity I needed to feel confident as I continue to move toward even more advanced and nuanced explorations of this subject.</p>"
749937,The Three Signs of a Miserable Job: A Fable For Managers (and Their Employees),Patrick Lencioni,,0787995312,9780787995317,5,Jossey-Bass Inc Pub,2026/02/10,2026/02/02,"<b>Back to Fundamentals: A Review of The Three Signs of a Miserable Job</b><br/><br/>Patrick Lencioni’s The Three Signs of a Miserable Job strikes a particular chord in today’s fast-paced corporate environment. We often become so focused on execution that we forget the absolute fundamental truths of management regarding how we treat and motivate our teams.<br/>Lencioni identifies three specific factors that lead to dissatisfaction in the workplace, regardless of the industry or pay scale:<br/><br/>1. Anonymity<br/>This occurs when a manager sees an employee merely as a resource rather than a human being. It manifests as a lack of interest in their life, interests, and personal situation. People cannot be fulfilled in their work if they are not known and cared for as unique individuals by the person they report to.<br/>2. Irrelevance<br/>Irrelevance strikes when employees cannot see where they fit into the bigger picture. It is particularly common in roles that are not customer-facing, making it difficult for the individual to trace exactly how they add value. Everyone needs to know that their job matters to someone.<br/>3. Immeasurement (Lack of Measurement)<br/>Immeasurement is the inability of employees to assess their own contribution. Without an objective yardstick to gauge their progress and success, they are forced to rely on the subjective opinions of others, which drains motivation.<br/><br/>Personal Reflections on Management<br/>Lencioni emphasizes the need to ""know"" your people, but I believe the expression of care varies by personality. My own management style is to respect boundaries and avoid prying into personal lives unless the information is offered. Instead, I prioritize remembering and deeply caring about the context and details that are shared with me.<br/>Management is a fundamentally ethical role. A massive part of the job is simply caring about the overall well-being of the team.<br/>The section on Measurement provided immediate, actionable ideas. Although the concepts weren't necessarily revolutionary, they offered a practical framework for measuring ""hidden"" progress—areas I have wanted to track but struggled to quantify until now. I plan to implement these ideas immediately to help the team see their wins more clearly.<br/><br/>This book serves as a crucial reminder. In the rush of deadlines and deliverables, we often forget the core tenet of management: People deliver projects. If you take care of the people, everything else will follow."
239859634,Bhagavad Gita - Complete Edition: A Modern English Translation for Today’s World,Atman Press,,,,5,,2026/01/05,2026/01/05,"Heading into 2026, I felt ready to finally approach the Bhagavad Gita. I wasn't looking for a dense academic study; I wanted a translation that was accessible enough for me to grasp the core principles.<br/>This edition by Atman Press delivers exactly that.<br/>The translation is refreshingly simple. It presents the text in an explainable format that breaks down deep concepts into plain English, making it perfect for a beginner.<br/>Since this is my first read of the Gita, I can’t speak to how strictly this version adheres to the nuances of the original Sanskrit. However, it gave me exactly what I needed: clarity on how to approach my activities and responsibilities for the year ahead.<br/>Final Verdict: An excellent book for anyone looking to get introduced to the Gita without feeling intimidated. It has prepared me to explore more traditional translations in the future, but I know I will return to this version again and again for its simplicity."
177749774,Lonely Planet Singapore (Travel Guide) 2023: Plan the perfect family vacation with exciting activities and attractions for all ages in Singapore.,Robert Rodríguez,,,9798398220759,4,Independently published,2025/12/31,2025/12/31,
235662231,Crafting Engineering Strategy: How Thoughtful Decisions Solve Complex Problems,Will Larson,,,9798341645523,5,O'Reilly Media,2025/12/27,2025/11/29,"<b>Introduction</b><br/>""Strategy"" is often an overloaded term in the tech industry—nebulous and difficult to pin down. In Crafting Engineering Strategy, Will Larson cuts through the noise to provide perhaps the best articulation of what engineering strategy actually is and how leaders should thoughtfully create one for their organizations.<br/>Larson speaks from direct experience, guiding the reader through the entire lifecycle of strategy—from the initial diagnosis to articulation and, finally, implementation. For those who enjoyed Larson's previous work on management, An Elegant Puzzle, this book serves as a slice of wisdom extending from that foundation. It is, without a doubt, a must-read for any engineering leader.<br/><b>Context and Prerequisites</b><br/>To fully absorb the wisdom in this book, I highly recommend reading Richard Rumelt’s Good Strategy, Bad Strategy and The Crux as prerequisites. Larson effectively expands Rumelt’s ""strategy kernel"" into a fully operational bible for engineering leaders.<br/>Ideally, one might read Larson and Rumelt in parallel to compare and contrast insights. While Rumelt provides the theoretical foundation, Larson provides the engineering-specific application.<br/><b>The Framework: From Diagnosis to Operations</b><br/>Larson demystifies the process by breaking strategy down into actionable phases. He argues that strategy is, at its core, problem-solving. The book lays out a clear path:<br/>1. Exploring: Finding options and thoroughly understanding the landscape.<br/>2. Diagnosing: Identifying the specific challenge you are trying to solve. This is the critical first step.<br/>3. Refining: This is a crucial step that extends Rumelt’s work. Larson emphasizes iteratively testing and building conviction in your strategy. It encourages a ""fail fast"" mentality so you can arrive at the right strategy before committing significant resources.<br/>4. Setting Policy: Establishing coherent actions to achieve the goal.<br/>5. Operations: The tactical ways to implement the policy on the ground.<br/><b>Tools and Mental Models</b><br/>One of the gems of this book is its practical toolkit. Larson introduces a template to succinctly express strategy, which is invaluable for clarity. He also introduces Wardley Maps, a concept I intend to deep dive into further.<br/>Furthermore, Larson champions systems thinking. He demonstrates how modeling systems is key to confirming your diagnosis and strategy. He even details a simple tool he wrote that readers can leverage to express and model the systems they are analyzing.<br/><b>Communication and Execution</b><br/>A strategy is only as good as its execution, and execution depends on communication. Larson shines here, addressing the reality that communicating strategy is key to its success, especially as an organization scales.<br/><b>Conclusion</b><br/>Through numerous real-world examples drawn from his own career, Larson ties everything together, providing the reader with written strategy examples that serve as a blueprint. Simply put, he doesn't just tell you what strategy is; he demonstrates what good strategy looks like in practice, shares the real-world outcomes, and ultimately prepares you to craft your own.<br/>I anticipate coming back to this book again and again. Crafting Engineering Strategy transforms a complex, often abstract concept into a concrete operational guide. If you are looking to move beyond buzzwords and truly understand strategy as a method of high-level problem solving, this book is essential reading."
912444,Parenting Teenagers: Systematic Training for Effective Parenting of Teens,Don C. Dinkmeyer Sr.,"Don C. Dinkmeyer Jr., Joyce L. McKay",0785414681,9780785414681,5,Ags Pub,2025/11/29,2025/11/29,"Book Review: Parenting Teenagers by Don Dinkmeyer<br/><br/>I recently picked up Don Dinkmeyer’s Parenting Teenagers for a reread as I navigate the choppy waters of raising my second daughter, and its enduring value is more apparent than ever. This is not just theoretical psychology; it’s a refreshingly insightful and practical guide offering clear, actionable strategies to transform the parent-teen relationship from one of constant friction to one of mutual respect and understanding.<br/><br/>"
60705919,7 Rules of Power: Surprising--but True--Advice on How to Get Things Done and Advance Your Career,Jeffrey Pfeffer,,1637741235,9781637741238,4,Matt Holt Books,2022/01/01,2022/08/04,"Book Review: The 7 Rules of Power: A Confronting and Life-Changing Manual<br/><br/>Jeffrey Pfeffer’s The 7 Rules of Power is not just a book—it is a reckoning. Having previously engaged with Pfeffer’s work and taken his highly-regarded class on power, I can attest that this book represents his most articulate and impactful distillation of his lessons yet. It cuts through the comforting myths of corporate leadership and forces readers to confront the stark, uncomfortable realities of how the world actually operates.<br/><br/>The initial response to Pfeffer's material is often a visceral rejection of everything he suggests. We are taught to believe that competence, modesty, and hard work are sufficient for success, but Pfeffer, rooted firmly in social science, reveals that social interactions and organizational politics are far more primitive and transactional.<br/><br/>The profound journey of reading this book begins when the initial resistance fades, and you start looking at the world around you: the organizational power dynamics, the career trajectories of those who ""get ahead,"" and the unspoken rules. In that moment of uncomfortable acceptance, the true, thought-provoking work begins.<br/><br/>This book forces a deep, life-questioning internal dialogue: Knowing these truths, how do you respond in a way that remains congruent with your own values? This is the journey I have been on for years, and it is a battle. Pfeffer expertly illuminates the paradox that our own integrity and commitment to traditional values can become the very obstacles that prevent us from achieving goals that are deeply important to us. We alone get in our own way, our self-imposed limitations acting as powerful, invisible barriers.<br/><br/>The 7 Rules of Power is a powerful, life-changing manual that offers tough, necessary lessons. It teaches that understanding these primitive human social dynamics is the key to achieving the power required to accomplish the things that truly matter. I wholeheartedly encourage every professional and every person seeking to create meaningful change to read this book with an open mind. Be warned: the lessons are tough, and the truth of them may initially feel like a harsh, negative contrast to your ideals, but once you read it, you will not be able to unsee the mechanisms of power in the world around you."
43621841,"The Little Book of Stoicism: Timeless Wisdom to Gain Resilience, Confidence, and Calmness",Jonas Salzgeber,,3952506915,9783952506912,4,Self-published,2025/11/28,2025/11/28,"Review: The Little Book of Stoicism by Jonas Salzgeber<br/><br/>Jonas Salzgeber's The Little Book of Stoicism serves as an accessible and practical guide to applying ancient philosophy in modern life. This book excels at distilling complex Stoic concepts into actionable principles, making it a valuable read for both newcomers and those familiar with the philosophy.<br/><br/>The Central Principle: Living with Areté<br/><br/>The most powerful takeaway from the book is the emphasis on living with Areté, or virtue. This core concept provides a moral compass for navigating life. The book clearly outlines the four cardinal Stoic virtues, which form the foundation of Areté:<br/><br/>1. Wisdom (Prudent Deliberation)<br/>2. Justice (Fairness and Integrity)<br/>3. Courage (Facing fear and acting rightly)<br/>4. Self-Discipline (Inner Control and resisting temptation)<br/><br/>It's fascinating to note the parallels between these Stoic virtues and the four cardinal virtues emphasized in other traditions, such as the Freemason's focus on Temperance, Fortitude, Prudence, and Justice. This similarity highlights the universal and enduring nature of these ethical principles.<br/><br/>Key Stoic Practices and Insights<br/><br/>A fundamental theme in the book is the Dichotomy of Control, which teaches readers to focus their energy solely on the things within their power—their thoughts, judgments, and actions—and to accept the rest. This shift in perspective is crucial for finding peace and reducing anxiety.<br/><br/>Salzgeber powerfully reinforces the need to approach life's challenges with equanimity. This concept, derived from the Latin roots aequus (""equal"") and animus (""mind""), truly means even-mindedness. This inner stability is presented as a powerful defense against adversity, allowing one to respond thoughtfully rather than react emotionally.<br/><br/>Among the 55 Stoic Practices the author elaborates on, one particularly effective tool is taking a ""Birds Eye View"" or ""View from the Top."" This practice encourages readers to mentally step back and see their problems from a larger, perhaps cosmic, perspective. This shift in scale instantly diminishes the perceived size and urgency of daily troubles, fostering a more confident and proportionate approach to problem-solving.<br/><br/>Final Assessment<br/><br/>While the section listing the 55 practices can feel verbose, it is also the book's strength. The breadth of content ensures that every reader, regardless of their current life stage or specific struggles, will find several practices that resonate deeply and offer immediate, practical value.<br/><br/>The Little Book of Stoicism is a powerful reminder to live life to the fullest with Areté and to approach adversity with the serene, steady mind of equanimity."
35656221,A Monk’s Guide to A Clean House & Mind,Shoukei Matsumoto,"Ian Samhammer, Kikue Tamura",184614969X,9781846149696,3,Particular Books,2025/09/28,2025/09/28,"I started reading Shoukei Matsumoto's A Monk's Guide to A Clean House & Mind out of a simple desire to tidy my home, but what I discovered was a surprisingly therapeutic and profound little book.<br/>While I wasn't looking for a detailed instruction manual for cleaning, I thoroughly enjoyed the way the author, a Buddhist monk, describes the activity. Matsumoto beautifully interweaves the physical act of cleaning with the resulting internal mind state. He effectively shows how sweeping away dust and scrubbing grime is a tangible practice for clearing away mental clutter and ""worldly cares.""<br/>This book is a short, sweet read that recontextualizes domestic tasks. It transforms cleaning from a mundane chore into a mindful, spiritual exercise, offering readers a direct path to inner tranquility. It’s a wonderful choice for anyone seeking calmness and a deeper connection to their daily routine."
53509714,Stoicism: How to Use Stoic Philosophy to Find Inner Peace and Happiness,Jason Hemlock,,,,4,Bouchard Publishing,2025/09/28,2025/09/28,"Jason Hemlock's book on Stoicism serves as an excellent, gentle introduction to the ancient philosophy, though it is framed more as a practical self-help guide than a purely academic text. For readers new to the subject, particularly those seeking guidance for their current life circumstances, this book is a great read that leaves one intrigued and wanting to learn more.<br/><br/>The book effectively highlights the core of Stoic thought, particularly the Four Cardinal Virtues:<br/><br/>Wisdom (good decision-making)<br/><br/>Justice (fairness and proper treatment of others)<br/><br/>Courage (facing adversity with reason)<br/><br/>Temperance/Moderation (self-control and discipline)<br/><br/>The emphasis on these four virtues offers a profoundly refreshing perspective on how to live a good life. It's particularly fascinating to note the striking similarity between these values and the four cardinal virtues emphasized in Freemasonry (Temperance, Fortitude, Prudence, and Justice), a connection that adds an intriguing layer of depth to the philosophical concepts.<br/><br/>Beyond the virtues, the book offers great insights into the Stoic mindset, including the wisdom of living fully in the present moment, the utility of journaling as a tool for self-reflection, and practical ways a Stoic thinks about daily challenges.<br/><br/>In summary, this book is perfectly suited for anyone looking for an accessible and practical entryway into Stoicism. It successfully presents the philosophy not as a historical artifact, but as a living, applicable guide for finding tranquility and resilience in a modern world."
13455,Don't Think of an Elephant! Know Your Values and Frame the Debate: The Essential Guide for Progressives,George Lakoff,"Howard Dean, Don Hazen",1931498717,9781931498715,4,Chelsea Green Publishing,2025/09/21,2025/09/21,"George Lakoff's Don't Think of an Elephant is a fascinating and insightful read that provides a masterclass in the art of political communication. The book's central concept of frames—the underlying mental structures that shape our worldview—is both powerful and eye-opening. Lakoff brilliantly distills the core values of progressives and conservatives, demonstrating how these values influence the way each side frames political issues. For anyone looking to understand the mechanics of political messaging, the first half of the book is a must-read.<br/>While the latter half of the book focuses heavily on progressive values and how to apply the principles of framing to their specific political agenda, it remains a valuable part of the overall work. Though my primary interest was in the general theory of framing, this section still offered a practical application of Lakoff's ideas. .<br/>Ultimately, this book is an excellent resource for anyone interested in politics, regardless of their own political leanings. By revealing how language and framing shape our understanding, Lakoff provides a tool for both progressives and conservatives to better understand not only their opponents, but also themselves. It's a compelling and thought-provoking book that offers a pathway toward more effective communication."
324750,High Output Management,Andrew S. Grove,,0679762884,9780679762881,5,Vintage,2022/01/01,2022/10/02,"<b>A Timeless Guide for Managers</b><br/>High Output Management remains remarkably relevant today, serving as a core resource for any manager navigating the complexities of modern business. Even in a world of rapid, AI-driven change, the book's wisdom provides a crucial anchor. As Grove famously states, ""Let Chaos Reign and then Reign in the chaos."" This principle is more vital than ever, reminding us that effective management means embracing initial disorder before applying structured control to scale effectively and meet high expectations.<br/>The central equation from the book, ""A manager’s output = The output of his organization + The output of the neighboring organizations under his influence,"" is a powerful and concise summary of a manager's true impact. It highlights that a manager's value is not in their individual work, but in their ability to leverage and influence the entire system around them.<br/>While countless management books have been written since, High Output Management stands out for its unique clarity and its powerful focus on the pivotal role of the middle manager. It offers a practical and no-nonsense guide on how they can effectively drive their teams and contribute significantly to their company's success. It’s a book to be revisited repeatedly for its enduring insights."
220687901,The Wealth Ladder: Proven Strategies for Every Step of Your Financial Life,Nick Maggiulli,,0593854039,9780593854037,5,Portfolio,2025/09/14,2025/09/14,"The Wealth Ladder by Nick Maggiulli is a brilliant and accessible guide to personal finance that reframes the traditional approach to building wealth. The book's core strength is its simple yet powerful framework: a six-rung ladder that illustrates how financial strategies must evolve with one's net worth. Maggiulli uses this concept to provide clear, actionable advice tailored to each stage of financial growth.<br/><br/>What makes this book so effective is its realistic and empathetic perspective. Maggiulli understands that a ""one-size-fits-all"" approach to money simply doesn't work. For each level of the ladder, he offers practical guidance on how to navigate one's unique financial situation, always with the goal of ensuring a better life.<br/><br/>A particularly insightful takeaway is the book's acknowledgement that reaching the highest rungs of the ladder may not be for everyone. Maggiulli wisely notes that after a certain level, climbing higher becomes a choice, not a necessity, and is only worthwhile if one is truly motivated to do so. He also makes a compelling distinction, arguing that a traditional job alone won't get you to the top tier; it requires a fundamental shift in mindset and approach.<br/><br/>Ultimately, The Wealth Ladder is a fantastic resource that uses a straightforward framework to provide a wealth of financial advice, making it a valuable read for anyone looking to understand and improve their financial journey."
29502354,Rest: Why You Get More Done When You Work Less,Alex Soojung-Kim Pang,,0465074871,9780465074877,4,Basic Books,2025/09/14,2025/08/24,"Rest: Why You Get More Done When You Work Less by Alex Soojung-Kim Pang is a compelling book that redefines the relationship between work and rest. Instead of viewing rest as the opposite of work, Pang argues it is an essential partner in achieving a high-quality, productive life. The book is well-supported by historical examples and scientific research, which effectively illustrate the core concepts.<br/>What makes this book stand out is its broader perspective. It isn't just a guide to becoming more productive at work; it's a guide to creating a more engaged and creative life. Pang shows how all aspects of life—work, rest, and hobbies—blend together to enhance overall well-being and output.<br/>Key concepts that particularly resonate include the distinction between active and passive rest. Pang introduces the idea of ""deep play""—mentally engaging hobbies that genuinely recharge you. He also makes a strong case for the importance of the subconscious mind, explaining how rest allows the brain to process information and solve problems in the background. The book's emphasis on the necessity of sleep further reinforces its central message: rest is not a luxury, but a fundamental component of a successful and fulfilling life."
215361681,Wild Courage: Go After What You Want and Get It,Jenny      Wood,,0593717643,9780593717646,4,Portfolio,2025/07/19,2025/07/19,"Jenny Wood's ""Wild Courage"" offers a truly refreshing insight into what it takes to be successful, challenging conventional wisdom and advocating for a more authentic, proactive approach. Her ""recipe"" for success—emphasizing curiosity, overcoming imposter syndrome, daring to be different, and stepping up to lead—provides a compelling framework.<br/><br/>For many, myself included, some of these qualities don't come naturally. The book, however, skillfully provides a different lens through which to view how to be more impactful. It encourages readers to embrace traits often deemed ""negative,"" reframing them as essential acts of courage. This paradigm shift was particularly powerful for me; it made me think in ways I hadn't previously stretched myself, pushing beyond ingrained self-limitations. ""Wild Courage"" is a genuinely good read for anyone seeking to unlock their full potential."
158161255,Timeboxing: The Power of Doing One Thing at a Time,Marc Zao-Sanders,,1250340152,9781250340153,4,St. Martin's Essentials,2025/07/19,2025/07/19,"This book serves as an excellent reminder of the benefits of timeboxing. Conceptually, it bears a strong resemblance to Cal Newport's Deep Work, a book that was profoundly influential for me and fundamentally altered my approach to work. The timeboxing methodology takes this concept a step further, heavily emphasizing the importance of meticulously scheduling your calendar and rigorously adhering to that schedule. While maintaining such strict adherence can be challenging in real-life scenarios, the author's consistent message to persevere resonates deeply. As the book suggests, not only does this practice lead to increased productivity, but I've personally found immense satisfaction in intentionally carving out time to 'dive deep' and produce truly worthwhile work."
215514806,"The Next Conversation: Argue Less, Talk More",Jefferson Fisher,,0593718720,9780593718728,5,Tarcher,2025/05/04,2025/04/21,"""The Next Conversation"" is an excellent and highly practical guide that I found profoundly insightful. I learned a great deal, particularly about the power of controlling the moment through the simple yet effective technique of pausing and taking a deep breath to maintain composure and clarity.<br/>The chapter on confidence particularly resonated with me. The distinction drawn between confidence as an internal feeling and assertiveness as an actionable behavior that cultivates it was a key takeaway. My personal style often leans towards seeking win-win solutions to avoid conflict. While this approach has its merits, the book powerfully illustrates how liberating it can be to clearly and assertively state one's needs. It also emphasized the significance of language, and I've become more conscious of my own communication patterns, striving to state what I want more directly since reading it.<br/>Another invaluable concept explored was the effectiveness of ""placing a frame"" around difficult conversations. While I've developed the practice of communicating directly in challenging work discussions over the years, ""The Next Conversation"" served as a superb reminder of this best practice, offering a structured methodology for approaching sensitive topics. Furthermore, the advice on skillfully handling interruptions and navigating tough scenarios is incredibly practical.<br/>Overall, ""The Next Conversation"" is packed with excellent lessons, making it a book I will certainly revisit. If you find yourself struggling with difficult conversations or wish to cultivate greater assertiveness, I wholeheartedly recommend this book – it’s truly for you."
201102296,The Wealth Money Can't Buy: The 8 Hidden Habits to Live Your Richest Life,Robin Sharma,,059379849X,9780593798492,4,Crown Currency,2025/04/21,2025/04/21,"A Valuable Reminder of Life's True Riches<br/><br/>Robin Sharma's ""The Wealth Money Can't Buy"" serves as a potent and welcome reminder that a truly rich life encompasses far more than just financial success. This book effectively refocuses attention on the essential, often overlooked areas that contribute to genuine happiness and deep fulfillment.<br/><br/>For me, several themes resonated powerfully. The idea that achieving mastery in your chosen craft provides profound satisfaction struck a particular chord – it highlights the intrinsic rewards of dedication and skill development. Sharma's emphasis on continuous personal growth, the journey of learning and evolving as an individual, felt equally vital. His description of change – being painful initially, messy in the middle, yet glorious in the end – offers a realistic and encouraging perspective on navigating personal transformation.<br/><br/>Furthermore, the book's focus on the significance of service and community felt deeply connecting. It underscores the importance of looking beyond oneself and contributing to the collective good, reinforcing the value of human connection and shared purpose.<br/><br/>While I personally found the book enjoyable and its core message highly valuable, it's worth noting that having recently read Sharma's ""The 5 AM Club,"" some elements of the writing style and structure felt repetitive. This might be a consideration for readers familiar with his other works.<br/><br/>Nevertheless, ""The Wealth Money Can't Buy"" stands as a good book with an important message. It successfully encourages readers to broaden their definition of wealth and actively cultivate the habits and mindsets needed to live life more fully and meaningfully. It's a worthwhile read for anyone seeking perspective on what truly constitutes a rich and satisfying existence."
37502596,The 5 AM Club: Own Your Morning. Elevate Your Life,Robin Sharma,,1443456632,9781443456630,5,HarperCollins Publishers,2025/04/05,2025/04/05,"Robin Sharma's ""The 5 AM Club"" stands out for its engaging approach, weaving profound self-development concepts into a compelling storyline with interesting characters. Instead of a dry manual, Sharma uses the narrative of an entrepreneur, an artist, and their eccentric billionaire mentor to guide readers through his principles for achieving world-class performance and personal fulfillment.<br/><br/>One of the book's strongest aspects is its holistic perspective on life, urging readers to cultivate what Sharma calls the ""Four Interior Empires"":<br/><br/>Mindset: Focusing on psychological strength, beliefs, and focus.<br/>Heartset: Developing emotional intelligence, resilience, and gratitude.<br/>Healthset: Prioritizing physical fitness, nutrition, and crucial sleep.<br/>Soulset: Connecting with one's purpose, spirituality, and inner peace.<br/>This framework encourages a balanced approach to self-improvement.<br/><br/>For me, reading ""The 5 AM Club"" was particularly timely. As a natural early riser currently challenged by a night-work schedule that disrupts my mornings, the book served as a powerful catalyst for reflection. It reinforced the immense value of quiet morning hours and provided renewed motivation to reclaim that purposeful time, even amidst scheduling difficulties.<br/><br/>Another significant takeaway is the concept of the ""Twin Cycles of Elite Performance."" Sharma emphasizes that peak productivity isn't sustainable without deliberate periods of deep rest and refueling, a crucial reminder in today's hustle culture. The book is also rich with inspiring quotes, with ""All change is hard at first, messy in the middle and glorious at the end"" being a personal favorite that truly resonated.<br/><br/>While the book is largely excellent, the ending did feel somewhat abrupt. It seemed Sharma attempted to condense many additional concepts very quickly, possibly drawing from his other works, which felt unnecessarily rushed compared to the pace of the rest of the narrative.<br/><br/>However, this minor critique doesn't overshadow the book's overall impact. ""The 5 AM Club"" is a great read that successfully motivates and provides actionable strategies for harnessing the power of early mornings. Its blend of storytelling and practical advice is highly effective, leaving me inspired and keen to explore more of Robin Sharma's writings."
215087423,"The DOSE Effect: An Inspiring Self-Healing Guide About the Mind-Body-Hormonal Connection, Achieve Wellness and Happiness with Practical Techniques!",T.J. Power,,0063421879,9780063421875,4,Dey Street Books,2025/03/15,2025/03/10,"TJ Power's ""The DOSE Effect"" presents a compelling and research-driven guide to enhancing well-being by optimizing the function of four key neurochemicals: Dopamine, Oxytocin, Serotonin, and Endorphins. Power effectively connects these neurochemicals to practical, actionable strategies for cultivating healthier habits. What I found particularly engaging was the book's integration of scientific research with tangible challenges, allowing readers to immediately apply the concepts to their daily lives.<br/>The book offers valuable insights into how simple lifestyle adjustments can significantly impact mental and emotional health. Power's recommendations, such as phone fasting, mindful eating, regular exercise, and fostering meaningful connections with friends and family, are grounded in solid research and presented in an accessible manner. His emphasis on the positive influence of spending time in nature resonated deeply with me, reinforcing the importance of reconnecting with the natural world for overall well-being.<br/>While the book offers a wealth of valuable information, a few sections felt slightly self-centered, with a ""I did it, so can you"" tone that occasionally veered into self-help territory. This stylistic choice might not appeal to all readers. However, the overall strength of the book's content and its practical approach more than compensate for this minor drawback.<br/>Readers who appreciate ""The DOSE Effect"" and its focus on optimizing physiological well-being may also find Peter Attia's ""Outlive"" to be a worthwhile read. Both books emphasize the importance of proactive health management and offer actionable strategies for improving overall quality of life.<br/>In conclusion, ""The DOSE Effect"" is a worthwhile read that provides a clear and actionable path to improving mental and emotional well-being. Despite a few minor stylistic quirks, the book's research-backed guidance and practical challenges make it a valuable resource for anyone seeking to enhance their overall quality of life. I found it to be a good book, and I overall enjoyed it."
216857785,Revenge of the Tipping Point,Malcolm Gladwell,,0316575801,9780316575805,5,"Little, Brown and Company",2025/03/08,2025/03/08,"Malcolm Gladwell's 'Revenge of the Tipping Point' is a compelling read that immediately grabs your attention and refuses to let go. His signature storytelling prowess is on full display as he masterfully weaves narratives that illuminate the complex dynamics of superspreaders, epidemics, and what he terms 'overstories.' The book's engaging narration is a testament to Gladwell's ability to make intricate social phenomena both accessible and captivating.<br/>One of the most intriguing aspects of the book is Gladwell's exploration of 'overstories,' the dominant narratives that shape our understanding of events and trends. He delves into how these narratives can be manipulated and how they influence the spread of social epidemics. The concept of tipping points, a cornerstone of his earlier work, is further refined and expanded upon, particularly with the introduction of the 'rule of the third.' This idea, suggesting that a critical mass of one-third can often trigger a significant shift, provides a fascinating framework for understanding how seemingly small changes can lead to large-scale transformations. The way Gladwell connects these concepts is truly thought-provoking, making 'Revenge of the Tipping Point' an intellectually stimulating experience.<br/>While 'Revenge of the Tipping Point' delves into the often-dark side of social epidemics, exploring how they spread and the unintended consequences they can unleash, Gladwell doesn't leave the reader in a state of despair. Instead, the book culminates in a powerful call to action. Despite the sobering examples of how easily negative trends can propagate, Gladwell emphasizes the potential for positive change. This call to action resonates deeply, suggesting that by understanding the mechanisms of social influence, we can harness them to create a more positive future.<br/>As with his previous works, Malcolm Gladwell's signature ability to seamlessly weave together social science insights and compelling narratives is on full display in 'Revenge of the Tipping Point.' He possesses a unique talent for transforming complex academic concepts into engaging stories that resonate with a broad audience. This masterful blend of rigorous research and captivating storytelling ensures that readers are not only informed but also thoroughly entertained. If you've enjoyed Gladwell's previous books, you will not be disappointed. 'Revenge of the Tipping Point' delivers the same level of intellectual stimulation and narrative brilliance that has made him a beloved and influential author."""
43306206,"The Courage to Be Disliked: How to Free Yourself, Change Your Life and Achieve Real Happiness",Ichiro Kishimi,Fumitake Koga,,,5,Allen & Unwin,2024/03/22,2024/03/18,"""The Courage to Be Disliked,"" through a compelling philosophical dialogue, offers a radical shift in perspective on how to achieve genuine happiness. Ichiro Kishimi, channeling Alfred Adler's psychology, dismantles conventional wisdom and replaces it with a framework for self-liberation.<br/><br/>This book isn't just a casual read; it's a transformative experience, and I will be re-reading it often. Central to Adlerian thought, as presented by Kishimi, is the idea that all problems are interpersonal problems, highlighting our deep interconnectedness. This perspective forces readers to confront their relationships and understand how they contribute to their own struggles.<br/><br/>A key takeaway is the separation of tasks, a concept that empowers individuals to focus on what they can control while relinquishing the burden of others' responsibilities. This fosters a sense of personal agency and reduces unnecessary stress.<br/><br/>Furthermore, the book emphasizes the importance of contributing to the community as a path to true happiness. By finding our place and feeling useful, we cultivate a sense of belonging and purpose.<br/><br/>Ultimately, ""The Courage to Be Disliked"" advocates for the courage to live authentically, even if it means facing disapproval. This freedom, the book argues, is essential for a fulfilling life. The book also focuses on living in the present, emphasizing that life is a series of moments, and the journey itself is the reward, not just the destination.<br/><br/>In essence, Kishimi's work challenges readers to break free from societal expectations and embrace a life of self-acceptance and contribution. It's a powerful reminder that true happiness lies in having the courage to be oneself, regardless of external validation."
56627,Stumbling on Happiness,Daniel Todd Gilbert,,1400077427,9781400077427,5,Vintage,2025/02/24,2025/02/19,"""Daniel Gilbert's 'Stumbling on Happiness' tackles a fundamental question: can we scientifically understand happiness, a seemingly subjective and elusive experience? The book delves into the inherent challenge of measuring something as personal as joy. Gilbert skillfully addresses the core issue: if happiness is subjective, how can we quantify it through scientific methods? One of the most intriguing points raised is the potential influence of past experiences on our current happiness. Could the 'anchor' of prior, exceptional moments inadvertently diminish our appreciation for present joys?  'Stumbling on Happiness' is a fascinating journey into the psychology of our emotional predictions and the ways we often misjudge what will truly bring us fulfillment. Gilbert's work offers a scientifically grounded perspective on why we so often 'stumble' upon it rather than consciously creating it.""<br/>"
53588649,Inner Excellence: Train Your Mind for Extraordinary Performance and the Best Possible Life,Jim     Murphy,,1734654821,9781734654820,4,Inner Excellence Academy,2025/02/16,2025/02/16,"Jim Murphy's ""Inner Excellence"" presents a compelling argument for prioritizing inner development as the foundation for success. The book's core message centers on the importance of focusing on the journey, cultivating mental balance, and pursuing mastery. Murphy contends that by nurturing these qualities, external achievements will naturally follow.<br/>Several key takeaways resonated deeply. The book emphasizes that suffering is an integral part of growth, a concept that personally struck a chord. Furthermore, Murphy highlights the crucial role of unconditional love from one's support system in achieving peak performance. He also weaves in  how meditation and breathing can help mental rejuvenation, and encourages readers to consciously recreate successful emotional states and feelings on the journey to peak performance.<br/>Powerful quotes, including ""Leaders empower and enrich the lives of those he or she leads,"" and the resonant sentiment of Winston Churchill's ""those destined for greatness must first walk alone,"" effectively reinforce the book's core principles.<br/>While ""Inner Excellence"" offers valuable insights and practical guidance, readers familiar with the self-help genre may find some of the messages repetitive. Nevertheless, it serves as a solid reminder that true success originates from cultivating inner excellence."
37786022,"Storyworthy: Engage, Teach, Persuade, and Change Your Life through the Power of Storytelling",Matthew Dicks,Dan Kennedy,1608685489,9781608685486,5,New World Library,2025/02/01,2025/02/01,"""Storyworthy"" offers a practical and inspiring approach to storytelling, emphasizing that everyone has tales worth sharing. My biggest takeaway from the book is the importance of diligent journaling, capturing those fleeting ""story moments"" that pepper our lives. Matthew Dicks effectively demonstrates how to transform these moments into compelling narratives, a skill he showcases beautifully in his YouTube videos. While the audiobook format, particularly with its repetition of key concepts, felt a bit redundant at times, the core message resonated strongly. Dicks' enthusiasm for storytelling is infectious, and the book provides a valuable framework for crafting engaging narratives. If you're looking to improve your storytelling skills, ""Storyworthy"" offers a solid foundation, even if the audiobook experience could be streamlined. The combination of the book and Dicks' online storytelling examples provides a well-rounded learning experience."
26046333,Designing Your Life: Build a Life that Works for You,Bill Burnett,Dave      Evans,1784740241,9781784740245,5,Chatto & Windus,2020/12/01,2020/12/26,
142402923,Feel-Good Productivity: How to Do More of What Matters to You,Ali  Abdaal,,1250865034,9781250865038,3,Celadon Books,2024/12/22,2024/12/12,"The book explores productivity through the lens of personal alignment, emphasizing that true productivity stems from work that is meaningful and fulfilling. While the author's success in blogging about productivity might lead to some skepticism, the concepts of mindful/mindless work and identifying the next actionable step resonate. However, the book suffers from an excess of information and a lack of cohesive focus, feeling more like a compilation of random research than a well-defined guide."
45303387,An Elegant Puzzle: Systems of Engineering Management,Will Larson,,1953953336,9781953953339,5,Stripe Press,2021/06/25,2021/05/25,
500514,The Dhandho Investor: The Low-Risk Value Method to High Returns,Mohnish Pabrai,,047004389X,9780470043899,0,Wiley,2024/11/29,2024/11/29,
33566873,"The Four Tendencies: The Indispensable Personality Profiles That Reveal How to Make Your Life Better (and Other People's Lives Better, Too)",Gretchen Rubin,,0525496289,9780525496281,0,Books on Tape,2024/11/29,2024/07/05,
58438618,Glucose Revolution: The Life-Changing Power of Balancing Your Blood Sugar,Jessie Inchauspé,,1982179414,9781982179410,0,S&S/Simon Element,2024/01/01,2024/11/29,
62919439,"The Glucose Goddess Method: The 4-Week Guide to Cutting Cravings, Getting Your Energy Back, and Feeling Amazing",Jessie Inchauspé,,1668024527,9781668024522,0,S&S/Simon Element,2024/01/01,2024/11/29,
33369254,The Manager's Path: A Guide for Tech Leaders Navigating Growth and Change,Camille Fournier,,1491973897,9781491973899,5,O'Reilly Media,2022/12/18,2022/09/08,
216633458,Learning to Lean: An Introvert’s Journey Across America,Dave Blundell,,,9798991127615,5,,2024/11/29,2024/08/19,
213066781,The Art of Small Talk,Casey Wilson,Jessica St. Clair,1962556034,9781962556033,0,Pushkin Industries,2024/09/03,2024/08/19,
61056582,Search in Plain Sight: Demystifying Executive Search,Somer Hackley,,,9798885047739,0,New Degree Press,2024/01/01,2024/06/23,
45006305,The Truth about College Admission: A Family Guide to Getting In and Staying Together,Brennan E Barnard,Rick Clark,142143637X,9781421436371,5,Johns Hopkins University Press,2024/04/28,2024/04/28,
198701288,Think Remarkable: 9 Paths to Transform Your Life and Make a Difference,Guy Kawasaki,,139424522X,9781394245222,3,Wiley,2024/03/27,2024/04/27,
124950497,Ikigai: The Japanese Secret to a Long and Happy Life,Héctor  García,Francesc Miralles,,,3,,2024/01/01,2024/04/09,
58438172,365 Quick & Easy Tips: Home Organization: Simple Techniques to Keep Your Home Neat and Tidy Year Round,Weldon Owen,,1681888351,9781681888354,2,Weldon Owen,2024/01/01,2024/03/26,
43261177,"Martha Stewart's Organizing: The Manual for Bringing Order to Your Life, Home & Routines",Martha Stewart,,1328508250,9781328508256,2,Harvest,2024/01/01,2024/03/26,
48836839,The Price You Pay for College: An Entirely New Road Map for the Biggest Financial Decision Your Family Will Ever Make,Ron Lieber,,006286730X,9780062867308,5,Harper,2024/03/18,2024/03/11,
42938221,Stay the Course: The Story of Vanguard and the Index Revolution,John C. Bogle,,,,3,Wiley,2024/03/01,2024/03/01,"Enjoyed the Vanguard story, but repetitive for Bogle veterans.<br/><br/>""Stay the Course"" by John Bogle is a captivating read, especially for those interested in the story of Vanguard and its founder's vision. The book delves into the company's founding principles and its rise to become the world's largest mutual fund organization.<br/><br/>However, if you're already familiar with Bogle's earlier works, you might find some repetition in the core ideas and anecdotes presented here.<br/><br/>Overall, it's a worthwhile read if you're new to Bogle's philosophy or want to understand his life and the impact of Vanguard."
171127,The Little Book of Common Sense Investing: The Only Way to Guarantee Your Fair Share of Stock Market Returns,John C. Bogle,,0470102101,9780470102107,5,WILEY,2024/01/01,2024/02/19,
57005189,Masters of Scale: Surprising Truths from the World's Most Successful Entrepreneurs,Reid Hoffman,"June Cohen, Deron Triff",0593239083,9780593239087,5,Crown Currency,2024/02/14,2022/01/12,
18176747,The Hard Thing About Hard Things: Building a Business When There Are No Easy Answers―Straight Talk on the Challenges of Entrepreneurship,Ben Horowitz,,0062273205,9780062273208,5,Harper Business,2020/05/01,2020/12/26,
97905,The No Asshole Rule: Building a Civilized Workplace and Surviving One That Isn't,Robert I. Sutton,,0446526568,9780446526562,2,Business Plus,2024/01/28,2024/01/27,
59696349,Build: An Unorthodox Guide to Making Things Worth Making,Tony Fadell,,1787634116,9781787634114,5,Bantam Press,2024/01/27,2024/01/27,
63133205,The Woman in Me,Britney Spears,,1668009048,9781668009048,5,Gallery Books,2024/01/21,2024/01/20,
122765395,Elon Musk,Walter Isaacson,,1982181281,9781982181284,5,Simon & Schuster,2024/01/20,2024/01/18,
125063314,Be Useful: Seven Tools for Life,Arnold Schwarzenegger,,0593655958,9780593655955,0,Penguin Press,2024/01/01,2024/01/13,
8248749,"The Coffeehouse Investor: How to Build Wealth, Ignore Wall Street, and Get On with Your Life",Bill Schultheis,,1101050381,9781101050385,0,Portfolio,2023/09/01,2024/01/04,
41881472,"The Psychology of Money: Timeless Lessons on Wealth, Greed, and Happiness",Morgan Housel,,,,5,Harriman House,2023/12/03,2023/12/02,
63079845,Never Finished: Unshackle Your Mind and Win the War Within,David Goggins,,154453406X,9781544534060,5,Lioncrest Publishing,2023/02/01,2023/01/28,
54303127,"Richer, Wiser, Happier: How the World's Greatest Investors Win in Markets and Life",William                  Green,,1501164856,9781501164859,5,Scribner,2023/01/01,2023/12/02,
30231806,"Goodbye, Things: The New Japanese Minimalism",Fumio Sasaki,,0393609030,9780393609035,5,W. W. Norton & Company,2023/01/01,2023/11/14,
61153739,Outlive: The Science & Art of Longevity,Peter Attia,Bill Gifford,0593236599,9780593236598,5,Harmony,2023/01/01,2023/09/24,
6796675,"Buddha's Brain: The Practical Neuroscience of Happiness, Love, and Wisdom",Rick     Hanson,"Richard Mendius, Daniel J. Siegel, Jack Kornfield",,,3,New Harbinger Publications,2023/09/03,2023/09/03,"A good book, a lot to takeaway, however the mix between neuroscience and practice did not flow well together in my opinion. "
28815,Influence: The Psychology of Persuasion,Robert B. Cialdini,,006124189X,9780061241895,5,Harper Business,2023/01/01,2021/04/09,
3828902,Thinking In Systems: A Primer,Donella H. Meadows,Diana Wright,1603580557,9781603580557,5,Chelsea Green Publishing,2023/05/28,2023/05/28,
51572334,Retire Before Mom and Dad,Rob Berger,,1733914501,9781733914505,5,Glenbrook Press,2023/06/09,2023/06/09,
133307086,"Boundries: When to Say Yes, When to Say No, To Take Control of Your Life",Henry Cloud,John  Townsend,,,3,,2023/01/01,2023/06/03,
9338688,The Four Pillars of Investing: Lessons for Building a Winning Portfolio,William J. Bernstein,,0071759174,9780071759175,5,McGraw-Hill,2017/01/01,2020/12/26,
67825,Peopleware: Productive Projects and Teams,Tom DeMarco,Timothy Lister,0932633439,9780932633439,3,Dorset House,2023/05/28,2023/05/13,
40374828,The Bogleheads' Guide to the Three-Fund Portfolio: How a Simple Portfolio of Three Total Market Index Funds Outperforms Most Investors with Less Risk,Taylor Larimore,John C. Bogle,1119487358,9781119487357,5,Wiley,2023/05/21,2023/05/21,
11721966,Good Strategy Bad Strategy: The Difference and Why It Matters,Richard P. Rumelt,,0307886255,9780307886255,5,Crown Business,2023/05/13,2023/05/06,The best book on strategy!
1254,The Leadership Pipeline: How to Build the Leadership Powered Company,Ram Charan,"Stephen Drotter, Jim Noel",0787951722,9780787951726,5,Jossey-Bass Inc Pub,2023/04/21,2023/04/30,
13260184,The 4 Disciplines of Execution: Achieving Your Wildly Important Goals,Chris McChesney,"Sean Covey, Jim Huling",145162705X,9781451627053,5,Free Press,2023/04/30,2023/04/30,
1635,Execution: The Discipline of Getting Things Done,Larry Bossidy,"Ram Charan, Charles Burck",0609610570,9780609610572,5,Crown Currency,2023/04/23,2023/04/14,
16158601,Turn the Ship Around!: A True Story of Turning Followers into Leaders,L. David Marquet,,1591846404,9781591846406,5,Portfolio,2023/03/16,2023/03/05,
62634115,"8 Rules of Love: How to Find It, Keep It, and Let It Go",Jay Shetty,,198218308X,9781982183080,3,Simon & Schuster,2023/02/18,2023/03/02,
25049103,Bigger Leaner Stronger: The Simple Science of Building the Ultimate Male Body,Michael  Matthews,,1938895274,9781938895272,5,Oculus Media Group Llc,2023/01/28,2023/01/09,
57933306,Stolen Focus: Why You Can't Pay Attention— and How to Think Deeply Again,Johann Hari,,0593138511,9780593138519,5,Crown,2023/01/15,2022/12/11,
53071025,Joy at Work: Organizing Your Professional Life,Marie Kondō,"Scott Sonenshein, Cathy Hirano",0316423327,9780316423328,1,"Little, Brown Spark",2022/12/23,2022/01/13,
59616977,Building a Second Brain: A Proven Method to Organize Your Digital Life and Unlock Your Creative Potential,Tiago Forte,,1982167386,9781982167387,5,Simon Element / Simon Acumen,2022/12/18,2022/12/11,
37642921,Photo Organizing Made Easy: Going from Overwhelmed to Overjoyed,Cathi Nelson,,1946384232,9781946384232,3,Publish Your Purpose Press,2022/11/18,2022/11/13,
159615,Transitions: Making Sense of Life's Changes,William  Bridges,,073820904X,9780738209043,5,Balance,2022/10/18,2022/09/20,
159614,Managing Transitions: Making the Most of Change,William  Bridges,,0738208248,9780738208244,3,Da Capo Lifelong Books,2022/01/01,2022/10/26,"Great book to read when your team / organization is going through a major change. Learnt a lot on how to view when change starts and begins. I felt the book was a little verbose, nevertheless an excellent read."
93891,Software Estimation: Demystifying the Black Art,Steve McConnell,,0735605351,9780735605350,4,Microsoft Press,2022/01/01,2022/10/25,"Good book, may not be practical for all projects. Widened by perspective and thinking!"
44333183,The Unicorn Project,Gene Kim,,1942788762,9781942788768,4,IT Revolution,2022/01/01,2022/09/27,Enjoyed the book. The storyline was very packed. I liked the Phoenix project better.
55711624,"Power, for All: How It Really Works and Why It's Everyone's Business",Julie Battilana,Tiziana Casciaro,1982141638,9781982141639,4,Simon & Schuster,2022/01/01,2022/01/12,
23712990,HBR Guide to Coaching Employees (HBR Guide Series),Harvard Business Review,,1625275382,9781625275387,3,Harvard Business Review Press,2022/01/01,2022/06/24,
52098718,Why We're Polarized,Ezra Klein,,147670032X,9781476700328,0,Avid Reader Press / Simon  Schuster,2022/01/01,2022/06/24,
7847359,168 Hours: You Have More Time Than You Think,Laura Vanderkam,,1591843316,9781591843313,3,Portfolio Hardcover,2022/01/01,2022/05/09,The core concept of 168 hours and tracking it made a lot of sense. However a lot of the book is very verbose and author's way of personally managing her time may not be applicable for all.
56809161,Hot Seat,Jeff Immelt,,1508278296,9781508278290,4,Avid Reader Press / Simon & Schuster,2022/05/24,2022/05/09,
57499853,"My Life in Full: Work, Family, and Our Future",Indra  Nooyi,,059319179X,9780593191798,5,Portfolio,2022/04/29,2022/01/12,
56897483,The End of Craving: Recovering the Lost Wisdom of Eating Well,Mark Schatzker,,1501192477,9781501192470,5,Avid Reader Press / Simon & Schuster,2022/04/20,2022/04/16,
60176105,One Damn Thing After Another: Memoirs of an Attorney General,William P. Barr,,0063158620,9780063158627,4,William Morrow,2022/03/31,2022/03/31,
25310678,"Playing Big: Practical Wisdom for Women Who Want to Speak Up, Create, and Lead",Tara Mohr,,1592409601,9781592409600,4,Avery,2022/03/31,2022/03/08,
56481725,Staff Engineer: Leadership Beyond the Management Track,Will Larson,Tanya Reilly,1736417908,,5,Will Larson,2022/03/06,2022/03/06,
52765755,Who Gets In and Why: A Year Inside College Admissions,Jeffrey J. Selingo,,1982116293,9781982116293,5,Scribner,2022/02/06,2022/01/10,"An eye opening perspective of how decisions are made in the admissions office, the reality of the higher education business and how that matters to you. <br/><br/>Will be re-reading this book once again once my daughter is in her junior year."
54785515,Four Thousand Weeks: Time Management for Mortals,Oliver Burkeman,,0374159122,9780374159122,3,"Farrar, Straus and Giroux",2022/01/21,2022/01/12,"Really loved the focus on finite time, and the importance of being present. Made me think, and reevaluate how I would like to spend my time.  The book gets over repetitive to emphasize the same point, and at times I found the arguments not coherent. Nevertheless I enjoyed reading. "
51457329,The Home Edit Life: The No-Guilt Guide to Owning What You Want and Organizing Everything,Clea Shearer,Joanna Teplin,0593138309,9780593138304,2,Clarkson Potter,2022/01/15,2022/01/07,"Loved the pictures, but very minimal content."
53084809,The Truth about College Admission: A Family Guide to Getting In and Staying Together,Brennan Barnard,,1421436388,9781421436388,5,Johns Hopkins University Press,2022/01/12,2022/01/10,
27213329,Grit: The Power of Passion and Perseverance,Angela Duckworth,,1443442313,9781443442312,0,Collins,2021/12/01,2021/10/09,
8310410,Multipliers: How the Best Leaders Make Everyone Smarter,Liz Wiseman,Greg McKeown,0061964395,9780061964398,5,HarperBusiness,2021/10/09,2021/09/06,
53720447,"Connect: Building Exceptional Relationships with Family, Friends, and Colleagues",David L. Bradford,Carole Robin,0593237099,9780593237090,5,Crown Currency,2021/09/03,2021/04/03,
29868604,My Own Words,Ruth Bader Ginsburg,"Mary Hartnett, Wendy W. Williams",150114524X,9781501145247,3,Simon & Schuster,2021/08/19,2021/08/01,"Enjoyed the book, however it was too dense as it was a collection of speeches. I was expecting a more memoir style book."
42762872,Progressive Web Apps,Jason Grigsby,,1937557723,9781937557720,5,A Book Apart,2021/07/30,2021/07/30,
13425570,How Will You Measure Your Life?,Clayton M. Christensen,"James Allworth, Karen Dillon, Daniela Caggiati",0062102427,9780062102423,5,Harper Business,2021/07/27,2021/07/24,
419461,Our Iceberg Is Melting,John P. Kotter,"Holger Rathgeber, Spencer Johnson, Peter Mueller",031236198X,9780312361983,5,St. Martin's Press,2021/06/24,2021/07/24,
54326146,A World Without Email: Reimagining Work in an Age of Communication Overload,Cal Newport,,0525536558,9780525536550,4,Portfolio,2021/07/24,2021/07/11,
40672036,Digital Minimalism: Choosing a Focused Life in a Noisy World,Cal Newport,,052553654X,,5,Portfolio,2021/07/17,2021/07/11,
40861864,The Truths We Hold: An American Journey,Kamala Harris,,,,4,Penguin Books,2021/07/10,2021/07/01,
15824365,"HBR's 10 Must Reads on Teams (with featured article ""The Discipline of Teams,"" by Jon R. Katzenbach and Douglas K. Smith)",Jon R. Katzenbach,"Douglas K. Smith, Alex Pentland, Diane Coutu, Mary C.  Kern, Linda Gratton, Tamara J. Erickson, Teresa M. Amabile, Steven K. Kramer, Vanessa Urch Druskat, Steven B. Wolff, Jeanne Brett, Kristin Behfar, Bob Frisch, Andy Boynton, Kathleen M. Eisenhardt, Jean L. Kahwajy, L.J. Bourgeois III",1422189872,9781422189870,5,Harvard Business Review Press,2021/06/30,2021/06/21,
21343,The Five Dysfunctions of a Team,Patrick Lencioni,,0787960756,9780787960759,5,FisicalBook,2021/06/19,2020/12/26,
113934,The Goal: A Process of Ongoing Improvement,Eliyahu M. Goldratt,Jeff Cox,0884271781,9780884271789,5,North River Press,2021/06/19,2021/03/10,
51014619,Good Economics for Hard Times: Better Answers to Our Biggest Problems,Abhijit V. Banerjee,Esther Duflo,,,5,PublicAffairs,2021/05/31,2021/05/22,
25614847,Untangled: Guiding Teenage Girls Through the Seven Transitions into Adulthood,Lisa Damour,,0553393057,9780553393057,5,Ballantine Books,2021/05/19,2021/03/28,
44525305,The Ride of a Lifetime: Lessons Learned from 15 Years as CEO of the Walt Disney Company,Robert Iger,Joel Lovell,,,5,Random House,2021/05/19,2021/05/09,
76865,Good to Great: Why Some Companies Make the Leap... and Others Don't,Jim Collins,,0066620996,9780066620992,5,Harper Business,2021/05/09,2021/04/18,
84699,"Never Eat Alone: And Other Secrets to Success, One Relationship at a Time",Keith Ferrazzi,Tahl Raz,0385512058,9780385512053,2,Crown Business,2021/04/18,2021/04/08,
56964049,The Hill We Climb: An Inaugural Poem for the Country,Amanda Gorman,Oprah Winfrey,,,5,Viking Books for Young Readers,2021/04/11,2021/04/11,
8562119,Power: Why Some People Have it and Others Don't,Jeffrey Pfeffer,,0061789089,9780061789083,4,Harper Business,2020/01/01,2020/12/26,
51770118,Acting with Power: Why We Are More Powerful Than We Believe,Deborah Gruenfeld,,1101903953,9781101903957,5,Currency,2021/04/08,2021/03/28,
43848929,Talking to Strangers: What We Should Know About the People We Don't Know,Malcolm Gladwell,,0316478520,9780316478526,5,"Little, Brown and Company",2021/03/28,2021/03/28,
53138083,"Working Backwards: Insights, Stories, and Secrets from Inside Amazon",Colin Bryar,Bill Carr,1250267595,9781250267597,5,St. Martin's Press,2021/03/10,2021/02/21,
44595007,Indistractable: How to Control Your Attention and Choose Your Life,Nir   Eyal,Julie Li,194883653X,9781948836531,5,BenBella Books,2021/02/14,2021/02/07,
53317913,Rage,Bob Woodward,,198213173X,9781982131739,5,Simon & Schuster,2021/02/07,2021/01/27,
50696262,The Room Where It Happened: A White House Memoir,John       Bolton,,1982148055,9781982148058,4,Simon & Schuster,2021/01/27,2020/12/28,
7282390,"The Art of Scalability: Scalable Web Architecture, Processes, and Organizations for the Modern Enterprise",Martin L. Abbott,Michael T. Fisher,0137030428,9780137030422,5,Addison-Wesley Professional,2020/12/28,2020/12/28,
55361205,A Promised Land,Barack Obama,,1524763187,9781524763183,5,Crown,2020/12/27,2020/12/26,
35627916,Chess: The Ultimate Guide for Beginners,Cory Klein,,,,5,,2020/12/27,2020/12/27,
28682967,The Complete Book of Home Organization: 200+ Tips and Projects,Toni Hammersley,,1681881225,9781681881225,4,Weldon Owen,2016/07/26,2016/05/30,
29619107,Site Reliability Engineering: How Google Runs Production Systems,Betsy Beyer,"Chris     Jones, Jennifer Petoff, Niall Richard Murphy",1491951168,9781491951163,0,O'Reilly Media,2019/06/26,2019/05/20,
30622695,"Shut Up and Run: How to Get Up, Lace Up, and Sweat with Swagger – A Bold Fitness Guide from Peloton's Ultramarathon Coach Robin Arzón",Robin Arzón,,0062445693,9780062445698,5,Harper,2020/05/26,2020/04/05,
7972700,"The Dragonfly Effect: Quick, Effective, and Powerful Ways To Use Social Media to Drive Social Change",Jennifer Aaker,"Andy  Smith, Dan Ariely, Chip Heath, Carlye Adler",0470614153,9780470614150,5,,2020/07/01,2020/12/26,
24612196,"Getting (More of) What You Want: How the Secrets of Economics and Psychology Can Help You Negotiate Anything, in Business and in Life",Margaret A. Neale,Thomas Z. Lys,0465050727,9780465050727,5,Basic Books,2020/03/01,2020/12/26,
12609433,The Power of Habit: Why We Do What We Do in Life and Business,Charles Duhigg,,1400069289,9781400069286,5,Random House,2013/01/01,2020/12/26,
11084145,Steve Jobs,Walter Isaacson,,1451648537,9781451648539,5,Simon & Schuster,2013/01/01,2016/04/09,
16071764,"Lean In: Women, Work, and the Will to Lead",Sheryl Sandberg,,0385349947,9780385349949,5,Knopf,2013/01/01,2020/12/26,
7841446,"In the Plex: How Google Thinks, Works, and Shapes Our Lives",Steven Levy,,1416596585,9781416596585,5,Simon & Schuster,2013/01/01,2020/12/26,
17249189,"Start.: Punch Fear in the Face, Escape Average, and Do Work That Matters",Jon Acuff,,1937077594,9781937077594,5,Ramsey Press,2020/12/26,2020/12/26,
99401,The Power of a Positive No: How to Say No and Still Get to Yes,William Ury,,0553804987,9780553804980,5,Bantam,2013/01/01,2020/12/26,
2615,The Innovator's Dilemma: The Revolutionary Book that Will Change the Way You Do Business,Clayton M. Christensen,,0060521996,9780060521998,5,Collins,2013/01/01,2020/12/26,
15801967,Contagious: Why Things Catch On,Jonah Berger,,1451686579,9781451686579,5,Simon & Schuster,2013/01/01,2020/12/26,
15751404,"David and Goliath: Underdogs, Misfits, and the Art of Battling Giants",Malcolm Gladwell,,0316204366,9780316204361,5,"Little, Brown and Company",2013/01/01,2020/12/26,
17660462,The Everything Store: Jeff Bezos and the Age of Amazon,Brad Stone,,0316219266,9780316219266,5,"Little, Brown and Company",2013/01/01,2020/12/26,
17707768,Jony Ive: The Genius Behind Apple's Greatest Products,Leander Kahney,,159184617X,9781591846178,5,Portfolio,2020/12/26,2020/12/26,
4891811,The Knack: How Street-Smart Entrepreneurs Learn to Handle Whatever Comes Up,Norm Brodsky,Bo Burlingham,1591842212,9781591842217,5,Portfolio Hardcover,2014/01/01,2020/12/26,
16144853,Leaders Eat Last: Why Some Teams Pull Together and Others Don't,Simon Sinek,,1591845327,9781591845324,5,Portfolio,2014/01/01,2020/12/26,
6828896,"Delivering Happiness: A Path to Profits, Passion, and Purpose",Tony Hsieh,,0446563048,9780446563048,5,Grand Central Publishing,2014/01/01,2020/12/26,
18077903,"Creativity, Inc.: Overcoming the Unseen Forces That Stand in the Way of True Inspiration",Ed Catmull,Amy    Wallace,0812993012,9780812993011,5,Random House,2014/01/01,2020/12/26,
25136045,How to Be a Rainmaker,Jeffrey Fox,,,,5,Nightingale Conant,2014/01/01,2020/12/26,
18736925,Capital in the Twenty First Century,Thomas Piketty,Arthur Goldhammer,067443000X,9780674430006,5,Belknap Press: An Imprint of Harvard University Press,2014/01/01,2020/12/26,
25541028,"Elon Musk: Tesla, SpaceX, and the Quest for a Fantastic Future",Ashlee Vance,,0062301233,9780062301239,5,Ecco,2015/01/01,2020/12/26,
22129114,The Virgin Way: Everything I Know About Leadership,Richard Branson,,1591847370,9781591847373,5,Portfolio,2020/12/26,2020/12/26,
22608584,Marissa Mayer and the Fight to Save Yahoo!,Nicholas Carlson,,1455556610,9781455556618,5,Twelve,2016/01/01,2020/12/26,
25530069,Charlie Munger: The Complete Investor (Columbia Business School Publishing),Tren Griffin,,023117098X,9780231170987,5,Columbia Business School Publishing,2015/01/01,2020/12/26,
40109367,Dare to Lead,Brené Brown,,147356252X,9781473562523,5,Ebury Digital,2018/01/01,2020/12/26,
18656827,"Hatching Twitter: A True Story of Money, Power, Friendship, and Betrayal",Nick Bilton,,1591846013,9781591846017,5,Portfolio Hardcover,2016/01/01,2020/12/26,
18491275,The First 90 Days: Proven Strategies for Getting Up to Speed Faster and Smarter,Michael D. Watkins,,1422191397,9781422191392,5,Harvard Business Review Press,2015/01/01,2020/12/26,
6659874,Behind the Cloud: The Untold Story of How Salesforce.com Went from Idea to Billion-Dollar Company-and Revolutionized an Industry,Marc Benioff,Carlye Adler,0470521163,9780470521168,5,Wiley-Blackwell,2020/11/01,2020/12/26,
11406472,Crucial Conversations: Tools for Talking When Stakes Are High,Kerry Patterson,"Joseph Grenny, Ron McMillan, Al Switzler",0071775307,9780071775304,5,McGraw Hill,2017/01/01,2020/12/26,
17255186,"The Phoenix Project: A Novel About IT, DevOps, and Helping Your Business Win",Gene Kim,"Kevin Behr, George Spafford",0988262592,9780988262591,5,IT Revolution Press,2017/01/01,2020/12/26,
8520610,Quiet: The Power of Introverts in a World That Can't Stop Talking,Susan Cain,,0307352145,9780307352149,5,Crown Publishers,2016/01/01,2020/12/26,
32809138,Radical Candor: Be a Kick-Ass Boss Without Losing Your Humanity,Kim Malone Scott,,1250103525,9781250103529,5,St. Martin's Press,2019/01/01,2020/12/26,
36417234,Powerful: Building a Culture of Freedom and Responsibility,Patty McCord,,1939714095,9781939714091,5,Silicon Guild,2018/01/01,2020/12/26,
38746485,Becoming,Michelle Obama,,1524763136,9781524763138,5,Crown,2020/01/01,2020/12/26,
40121378,Atomic Habits: An Easy & Proven Way to Build Good Habits & Break Bad Ones,James Clear,,,,4,Avery,2020/11/01,2020/12/26,
25744928,Deep Work: Rules for Focused Success in a Distracted World,Cal Newport,,1455586692,9781455586691,5,Grand Central Publishing,2020/02/01,2020/12/26,
42118073,Trillion Dollar Coach: The Leadership Playbook of Silicon Valley's Bill Campbell,Eric Schmidt,"Jonathan Rosenberg, Alan Eagle",0062839268,9780062839268,5,Harper Business,2020/03/01,2020/12/26,
34466963,Why We Sleep: Unlocking the Power of Sleep and Dreams,Matthew Walker,,,,5,Scribner,2020/01/01,2020/12/26,
28257707,The Subtle Art of Not Giving a F*ck: A Counterintuitive Approach to Living a Good Life,Mark Manson,,,9798804636129,4,Harper,2020/03/01,2020/12/26,
20763746,The Alliance: Managing Talent in the Networked Age,Reid Hoffman,"Ben Casnocha, Chris Yeh",1625275773,9781625275776,5,Harvard Business Review Press,2020/06/01,2020/12/26,
16158498,Give and Take: A Revolutionary Approach to Success,Adam M. Grant,,0670026557,9780670026555,5,Viking,2020/09/01,2020/12/26,
35457692,The Self-Driven Child: The Science and Sense of Giving Your Kids More Control Over Their Lives,William Stixrud,Ned Johnson,0735222517,9780735222519,5,Viking,2020/09/01,2020/12/26,
8727466,Why We Get Fat: And What to Do About It,Gary Taubes,,,,5,Knopf,2020/10/01,2020/12/26,
48635878,Designing Your Work Life: How to Thrive and Change and Find Happiness at Work,Bill Burnett,Dave Evans,0525655247,9780525655244,5,Knopf,2020/12/01,2020/12/26,
36182681,Indian Food Under Pressure: Authentic Indian Recipes for Your Electric Pressure Cooker,Ashley Singh Thomas,,0999286102,9780999286104,5,My Heart Beets,2019/07/10,2019/07/10,
25899679,Spark Joy: An Illustrated Master Class on the Art of Organizing and Tidying Up (The Life Changing Magic of Tidying Up),Marie Kondō,,1607749734,9781607749738,5,Ten Speed Press,2019/07/10,2019/07/10,
34616805,The Manager's Path: A Guide for Tech Leaders Navigating Growth and Change,Camille Fournier,,1491973854,9781491973851,5,O'Reilly Media,2019/07/10,2019/07/10,
18651798,How Google Tests Software,James A. Whittaker,"Jason Arbon, Jeff Carollo",0132851555,9780132851558,0,Addison-Wesley Professional,2019/05/09,2019/05/03,
18674785,Scrum: A Breathtakingly Brief and Agile Introduction,Chris  Sims,Hillary Louise Johnson,,,2,Dymaxicon,2016/09/22,2016/09/22,
18857593,Wings of Fire,A.P.J. Abdul Kalam,,,9788173717802,5,Universities Press (India) Private Limited,2016/04/09,2016/04/09,
4894,Who Moved My Cheese?,Spencer Johnson,Kenneth H. Blanchard,0091883768,9780091883768,5,Vermilion,2016/04/09,2016/04/09,
69571,Rich Dad Poor Dad: What the Rich Teach Their Kids About Money—That the Poor and Middle Class Do Not!,Robert T. Kiyosaki,,0751532711,9780751532715,5,Time Warner Books UK,2016/04/09,2016/04/09,
3228917,Outliers: The Story of Success,Malcolm Gladwell,,0316017922,9780316017923,5,"Little, Brown and Company",2016/04/09,2016/04/09,
10127019,The Lean Startup,Eric Ries,,0307887898,9780307887894,5,Best Business,2016/04/09,2016/04/09,
36072,The 7 Habits of Highly Effective People: Powerful Lessons in Personal Change,Stephen R. Covey,Jim Collins,0743269519,9780743269513,5,Free Press,2016/04/09,2016/04/09,
2612,The Tipping Point: How Little Things Can Make a Big Difference,Malcolm Gladwell,,,,5,Time Warner Book Group,2016/04/09,2016/04/09,
18683780,The Algorithm Design Manual,Steven S. Skiena,,,,5,Springer,2016/04/09,2016/04/09,